,상품코드,상세 페이지 url,이미지 url,가격
0,1592768819,http://item.gmarket.co.kr/Item?goodscode=1592768819&ver=638156349278649742,https://gdimg.gmarket.co.kr/1592768819/still/300?ver=2023032821,"14,900원"
1,2810927407,http://item.gmarket.co.kr/Item?goodscode=2810927407&ver=638156349278649742,https://gdimg.gmarket.co.kr/2810927407/still/300?ver=2023032821,"18,900원"
2,1833766346,http://item.gmarket.co.kr/Item?goodscode=1833766346&ver=638156349278649742,https://gdimg.gmarket.co.kr/1833766346/still/300?ver=2023032821,"16,900원"
3,2388032148,http://item.gmarket.co.kr/Item?goodscode=2388032148&ver=638156349278649742,https://gdimg.gmarket.co.kr/2388032148/still/300?ver=2023032821,"17,900원"
4,1707731465,http://item.gmarket.co.kr/Item?goodscode=1707731465&ver=638156349278649742,https://gdimg.gmarket.co.kr/1707731465/still/300?ver=2023032821,"14,940원"
5,1158321387,http://item.gmarket.co.kr/Item?goodscode=1158321387&ver=638156349278649742,https://gdimg.gmarket.co.kr/1158321387/still/300?ver=2023032821,"32,500원"
6,2793776596,http://item.gmarket.co.kr/Item?goodscode=2793776596&ver=638156349278809785,https://gdimg.gmarket.co.kr/2793776596/still/300?ver=2023032821,"10,500원"
7,1157707109,http://item.gmarket.co.kr/Item?goodscode=1157707109&ver=638156349278809785,https://gdimg.gmarket.co.kr/1157707109/still/300?ver=2023032821,"31,500원"
8,2317863111,http://item.gmarket.co.kr/Item?goodscode=2317863111&ver=638156349278809785,https://gdimg.gmarket.co.kr/2317863111/still/300?ver=2023032821,"36,700원"
9,2492813258,http://item.gmarket.co.kr/Item?goodscode=2492813258&ver=638156349278809785,https://gdimg.gmarket.co.kr/2492813258/still/300?ver=2023032821,"16,720원"
10,1798111271,http://item.gmarket.co.kr/Item?goodscode=1798111271&ver=638156349278809785,https://gdimg.gmarket.co.kr/1798111271/still/300?ver=2023032821,"14,900원"
11,1503717275,http://item.gmarket.co.kr/Item?goodscode=1503717275&ver=638156349278809785,https://gdimg.gmarket.co.kr/1503717275/still/300?ver=2023032821,"16,900원"
12,1894144268,http://item.gmarket.co.kr/Item?goodscode=1894144268&ver=638156349278809785,https://gdimg.gmarket.co.kr/1894144268/still/300?ver=2023032821,"22,500원"
13,2245630240,http://item.gmarket.co.kr/Item?goodscode=2245630240&ver=638156349278809785,https://gdimg.gmarket.co.kr/2245630240/still/300?ver=2023032821,"23,900원"
14,1827907353,http://item.gmarket.co.kr/Item?goodscode=1827907353&ver=638156349278809785,https://gdimg.gmarket.co.kr/1827907353/still/300?ver=2023032821,"15,000원"
15,2300689888,http://item.gmarket.co.kr/Item?goodscode=2300689888&ver=638156349278809785,https://gdimg.gmarket.co.kr/2300689888/still/300?ver=2023032821,"16,100원"
16,2847745852,http://item.gmarket.co.kr/Item?goodscode=2847745852&ver=638156349278809785,https://gdimg.gmarket.co.kr/2847745852/still/300?ver=2023032821,"22,500원"
17,2839548480,http://item.gmarket.co.kr/Item?goodscode=2839548480&ver=638156349278809785,https://gdimg.gmarket.co.kr/2839548480/still/300?ver=2023032821,"16,600원"
18,2365905636,http://item.gmarket.co.kr/Item?goodscode=2365905636&ver=638156349278809785,https://gdimg.gmarket.co.kr/2365905636/still/300?ver=2023032821,"24,900원"
19,2352665228,http://item.gmarket.co.kr/Item?goodscode=2352665228&ver=638156349278809785,https://gdimg.gmarket.co.kr/2352665228/still/300?ver=2023032821,"12,900원"
20,2505034450,http://item.gmarket.co.kr/Item?goodscode=2505034450&ver=638156349278809785,https://gdimg.gmarket.co.kr/2505034450/still/300?ver=2023032821,"16,900원"
21,2630133303,http://item.gmarket.co.kr/Item?goodscode=2630133303&ver=638156349278809785,https://gdimg.gmarket.co.kr/2630133303/still/300?ver=2023032821,"34,900원"
22,2544143516,http://item.gmarket.co.kr/Item?goodscode=2544143516&ver=638156349278809785,https://gdimg.gmarket.co.kr/2544143516/still/300?ver=2023032821,"26,900원"
23,2543469101,http://item.gmarket.co.kr/Item?goodscode=2543469101&ver=638156349278809785,https://gdimg.gmarket.co.kr/2543469101/still/300?ver=2023032821,"14,900원"
24,1655242371,http://item.gmarket.co.kr/Item?goodscode=1655242371&ver=638156349278809785,https://gdimg.gmarket.co.kr/1655242371/still/300?ver=2023032821,"95,000원"
25,1570842061,http://item.gmarket.co.kr/Item?goodscode=1570842061&ver=638156349278809785,https://gdimg.gmarket.co.kr/1570842061/still/300?ver=2023032821,"9,900원"
26,2429045798,http://item.gmarket.co.kr/Item?goodscode=2429045798&ver=638156349278809785,https://gdimg.gmarket.co.kr/2429045798/still/300?ver=2023032821,"24,600원"
27,2808997839,http://item.gmarket.co.kr/Item?goodscode=2808997839&ver=638156349278809785,https://gdimg.gmarket.co.kr/2808997839/still/300?ver=2023032821,"9,900원"
28,1778760847,http://item.gmarket.co.kr/Item?goodscode=1778760847&ver=638156349278809785,https://gdimg.gmarket.co.kr/1778760847/still/300?ver=2023032821,"21,000원"
29,1920684660,http://item.gmarket.co.kr/Item?goodscode=1920684660&ver=638156349278809785,https://gdimg.gmarket.co.kr/1920684660/still/300?ver=2023032821,"21,510원"
30,2470165735,http://item.gmarket.co.kr/Item?goodscode=2470165735&ver=638156349278809785,https://gdimg.gmarket.co.kr/2470165735/still/300?ver=2023032821,"18,900원"
31,2391069387,http://item.gmarket.co.kr/Item?goodscode=2391069387&ver=638156349278809785,https://gdimg.gmarket.co.kr/2391069387/still/300?ver=2023032821,"30,900원"
32,2584905546,http://item.gmarket.co.kr/Item?goodscode=2584905546&ver=638156349278809785,https://gdimg.gmarket.co.kr/2584905546/still/300?ver=2023032821,"19,900원"
33,2843219493,http://item.gmarket.co.kr/Item?goodscode=2843219493&ver=638156349278809785,https://gdimg.gmarket.co.kr/2843219493/still/300?ver=2023032821,"138,000원"
34,832114998,http://item.gmarket.co.kr/Item?goodscode=832114998&ver=638156349278809785,https://gdimg.gmarket.co.kr/832114998/still/300?ver=2023032821,"16,600원"
35,2841816366,http://item.gmarket.co.kr/Item?goodscode=2841816366&ver=638156349278809785,https://gdimg.gmarket.co.kr/2841816366/still/300?ver=2023032821,"52,000원"
36,2061782268,http://item.gmarket.co.kr/Item?goodscode=2061782268&ver=638156349278809785,https://gdimg.gmarket.co.kr/2061782268/still/300?ver=2023032821,"29,900원"
37,1574954769,http://item.gmarket.co.kr/Item?goodscode=1574954769&ver=638156349278809785,https://gdimg.gmarket.co.kr/1574954769/still/300?ver=2023032821,"19,900원"
38,1655242060,http://item.gmarket.co.kr/Item?goodscode=1655242060&ver=638156349278809785,https://gdimg.gmarket.co.kr/1655242060/still/300?ver=2023032821,"47,500원"
39,2628342593,http://item.gmarket.co.kr/Item?goodscode=2628342593&ver=638156349278809785,https://gdimg.gmarket.co.kr/2628342593/still/300?ver=2023032821,"17,900원"
40,1635847712,http://item.gmarket.co.kr/Item?goodscode=1635847712&ver=638156349278809785,https://gdimg.gmarket.co.kr/1635847712/still/300?ver=2023032821,"15,900원"
41,2487711970,http://item.gmarket.co.kr/Item?goodscode=2487711970&ver=638156349278809785,https://gdimg.gmarket.co.kr/2487711970/still/300?ver=2023032821,"12,900원"
42,2429049781,http://item.gmarket.co.kr/Item?goodscode=2429049781&ver=638156349278809785,https://gdimg.gmarket.co.kr/2429049781/still/300?ver=2023032821,"24,600원"
43,2007982106,http://item.gmarket.co.kr/Item?goodscode=2007982106&ver=638156349278809785,https://gdimg.gmarket.co.kr/2007982106/still/300?ver=2023032821,"16,900원"
44,2448035755,http://item.gmarket.co.kr/Item?goodscode=2448035755&ver=638156349278809785,https://gdimg.gmarket.co.kr/2448035755/still/300?ver=2023032821,"13,900원"
45,2832698785,http://item.gmarket.co.kr/Item?goodscode=2832698785&ver=638156349278809785,https://gdimg.gmarket.co.kr/2832698785/still/300?ver=2023032821,"23,900원"
46,2844196927,http://item.gmarket.co.kr/Item?goodscode=2844196927&ver=638156349278809785,https://gdimg.gmarket.co.kr/2844196927/still/300?ver=2023032821,"19,900원"
47,2836093710,http://item.gmarket.co.kr/Item?goodscode=2836093710&ver=638156349278809785,https://gdimg.gmarket.co.kr/2836093710/still/300?ver=2023032821,"89,900원"
48,2847712564,http://item.gmarket.co.kr/Item?goodscode=2847712564&ver=638156349278809785,https://gdimg.gmarket.co.kr/2847712564/still/300?ver=2023032821,"31,900원"
49,1928561189,http://item.gmarket.co.kr/Item?goodscode=1928561189&ver=638156349278809785,https://gdimg.gmarket.co.kr/1928561189/still/300?ver=2023032821,"26,200원"
50,2368137166,http://item.gmarket.co.kr/Item?goodscode=2368137166&ver=638156349278809785,https://gdimg.gmarket.co.kr/2368137166/still/300?ver=2023032821,"31,900원"
51,2444141565,http://item.gmarket.co.kr/Item?goodscode=2444141565&ver=638156349278809785,https://gdimg.gmarket.co.kr/2444141565/still/300?ver=2023032821,"26,900원"
52,2098259811,http://item.gmarket.co.kr/Item?goodscode=2098259811&ver=638156349278809785,https://gdimg.gmarket.co.kr/2098259811/still/300?ver=2023032821,"30,900원"
53,1954262117,http://item.gmarket.co.kr/Item?goodscode=1954262117&ver=638156349278809785,https://gdimg.gmarket.co.kr/1954262117/still/300?ver=2023032821,"33,000원"
54,2865732841,http://item.gmarket.co.kr/Item?goodscode=2865732841&ver=638156349278809785,https://gdimg.gmarket.co.kr/2865732841/still/300?ver=2023032821,"24,420원"
55,2859764769,http://item.gmarket.co.kr/Item?goodscode=2859764769&ver=638156349278809785,https://gdimg.gmarket.co.kr/2859764769/still/300?ver=2023032821,"13,500원"
56,1577364431,http://item.gmarket.co.kr/Item?goodscode=1577364431&ver=638156349278809785,https://gdimg.gmarket.co.kr/1577364431/still/300?ver=2023032821,"35,700원"
57,484828506,http://item.gmarket.co.kr/Item?goodscode=484828506&ver=638156349278809785,https://gdimg.gmarket.co.kr/484828506/still/300?ver=2023032821,"22,900원"
58,2352273475,http://item.gmarket.co.kr/Item?goodscode=2352273475&ver=638156349278809785,https://gdimg.gmarket.co.kr/2352273475/still/300?ver=2023032821,"11,900원"
59,2585210198,http://item.gmarket.co.kr/Item?goodscode=2585210198&ver=638156349278809785,https://gdimg.gmarket.co.kr/2585210198/still/300?ver=2023032821,"21,900원"
60,1791763241,http://item.gmarket.co.kr/Item?goodscode=1791763241&ver=638156349278809785,https://gdimg.gmarket.co.kr/1791763241/still/300?ver=2023032821,"118,660원"
61,2789552379,http://item.gmarket.co.kr/Item?goodscode=2789552379&ver=638156349278809785,https://gdimg.gmarket.co.kr/2789552379/still/300?ver=2023032821,"31,690원"
62,1651273917,http://item.gmarket.co.kr/Item?goodscode=1651273917&ver=638156349278809785,https://gdimg.gmarket.co.kr/1651273917/still/300?ver=2023032821,"38,170원"
63,2611953996,http://item.gmarket.co.kr/Item?goodscode=2611953996&ver=638156349278809785,https://gdimg.gmarket.co.kr/2611953996/still/300?ver=2023032821,"23,000원"
64,1574942933,http://item.gmarket.co.kr/Item?goodscode=1574942933&ver=638156349278809785,https://gdimg.gmarket.co.kr/1574942933/still/300?ver=2023032821,"24,900원"
65,1296906433,http://item.gmarket.co.kr/Item?goodscode=1296906433&ver=638156349278809785,https://gdimg.gmarket.co.kr/1296906433/still/300?ver=2023032821,"14,800원"
66,2809632117,http://item.gmarket.co.kr/Item?goodscode=2809632117&ver=638156349278809785,https://gdimg.gmarket.co.kr/2809632117/still/300?ver=2023032821,"36,900원"
67,1579104167,http://item.gmarket.co.kr/Item?goodscode=1579104167&ver=638156349278809785,https://gdimg.gmarket.co.kr/1579104167/still/300?ver=2023032821,"21,900원"
68,2522267922,http://item.gmarket.co.kr/Item?goodscode=2522267922&ver=638156349278809785,https://gdimg.gmarket.co.kr/2522267922/still/300?ver=2023032821,"44,900원"
69,2298519245,http://item.gmarket.co.kr/Item?goodscode=2298519245&ver=638156349278809785,https://gdimg.gmarket.co.kr/2298519245/still/300?ver=2023032821,"27,900원"
70,2762355924,http://item.gmarket.co.kr/Item?goodscode=2762355924&ver=638156349278809785,https://gdimg.gmarket.co.kr/2762355924/still/300?ver=2023032821,"21,500원"
71,1655243018,http://item.gmarket.co.kr/Item?goodscode=1655243018&ver=638156349278809785,https://gdimg.gmarket.co.kr/1655243018/still/300?ver=2023032821,"190,000원"
72,2316892877,http://item.gmarket.co.kr/Item?goodscode=2316892877&ver=638156349278809785,https://gdimg.gmarket.co.kr/2316892877/still/300?ver=2023032821,"25,920원"
73,1926412773,http://item.gmarket.co.kr/Item?goodscode=1926412773&ver=638156349278809785,https://gdimg.gmarket.co.kr/1926412773/still/300?ver=2023032821,"29,400원"
74,1654805524,http://item.gmarket.co.kr/Item?goodscode=1654805524&ver=638156349278809785,https://gdimg.gmarket.co.kr/1654805524/still/300?ver=2023032821,"9,500원"
75,2722597474,http://item.gmarket.co.kr/Item?goodscode=2722597474&ver=638156349278809785,https://gdimg.gmarket.co.kr/2722597474/still/300?ver=2023032821,"8,900원"
76,2006102802,http://item.gmarket.co.kr/Item?goodscode=2006102802&ver=638156349278809785,https://gdimg.gmarket.co.kr/2006102802/still/300?ver=2023032821,"9,900원"
77,1554561741,http://item.gmarket.co.kr/Item?goodscode=1554561741&ver=638156349278809785,https://gdimg.gmarket.co.kr/1554561741/still/300?ver=2023032821,"19,900원"
78,1655241628,http://item.gmarket.co.kr/Item?goodscode=1655241628&ver=638156349278809785,https://gdimg.gmarket.co.kr/1655241628/still/300?ver=2023032821,"28,500원"
79,2219385779,http://item.gmarket.co.kr/Item?goodscode=2219385779&ver=638156349278809785,https://gdimg.gmarket.co.kr/2219385779/still/300?ver=2023032821,"20,280원"
80,2490031978,http://item.gmarket.co.kr/Item?goodscode=2490031978&ver=638156349278809785,https://gdimg.gmarket.co.kr/2490031978/still/300?ver=2023032821,"23,600원"
81,2763765853,http://item.gmarket.co.kr/Item?goodscode=2763765853&ver=638156349278809785,https://gdimg.gmarket.co.kr/2763765853/still/300?ver=2023032821,"7,900원"
82,1837763848,http://item.gmarket.co.kr/Item?goodscode=1837763848&ver=638156349278809785,https://gdimg.gmarket.co.kr/1837763848/still/300?ver=2023032821,"18,320원"
83,1598649660,http://item.gmarket.co.kr/Item?goodscode=1598649660&ver=638156349278809785,https://gdimg.gmarket.co.kr/1598649660/still/300?ver=2023032821,"29,900원"
84,2500848672,http://item.gmarket.co.kr/Item?goodscode=2500848672&ver=638156349278809785,https://gdimg.gmarket.co.kr/2500848672/still/300?ver=2023032821,"10,000원"
85,2805355151,http://item.gmarket.co.kr/Item?goodscode=2805355151&ver=638156349278809785,https://gdimg.gmarket.co.kr/2805355151/still/300?ver=2023032821,"24,000원"
86,2595261633,http://item.gmarket.co.kr/Item?goodscode=2595261633&ver=638156349278809785,https://gdimg.gmarket.co.kr/2595261633/still/300?ver=2023032821,"25,900원"
87,2836093719,http://item.gmarket.co.kr/Item?goodscode=2836093719&ver=638156349278809785,https://gdimg.gmarket.co.kr/2836093719/still/300?ver=2023032821,"89,900원"
88,2848258128,http://item.gmarket.co.kr/Item?goodscode=2848258128&ver=638156349278809785,https://gdimg.gmarket.co.kr/2848258128/still/300?ver=2023032821,"31,880원"
89,2476944118,http://item.gmarket.co.kr/Item?goodscode=2476944118&ver=638156349278809785,https://gdimg.gmarket.co.kr/2476944118/still/300?ver=2023032821,"10,900원"
90,1574946973,http://item.gmarket.co.kr/Item?goodscode=1574946973&ver=638156349278809785,https://gdimg.gmarket.co.kr/1574946973/still/300?ver=2023032821,"24,900원"
91,1782687491,http://item.gmarket.co.kr/Item?goodscode=1782687491&ver=638156349278809785,https://gdimg.gmarket.co.kr/1782687491/still/300?ver=2023032821,"49,000원"
92,2841711032,http://item.gmarket.co.kr/Item?goodscode=2841711032&ver=638156349278809785,https://gdimg.gmarket.co.kr/2841711032/still/300?ver=2023032821,"129,000원"
93,2867239988,http://item.gmarket.co.kr/Item?goodscode=2867239988&ver=638156349278809785,https://gdimg.gmarket.co.kr/2867239988/still/300?ver=2023032821,"14,240원"
94,2005886978,http://item.gmarket.co.kr/Item?goodscode=2005886978&ver=638156349278809785,https://gdimg.gmarket.co.kr/2005886978/still/300?ver=2023032821,"46,900원"
95,1555546190,http://item.gmarket.co.kr/Item?goodscode=1555546190&ver=638156349278809785,https://gdimg.gmarket.co.kr/1555546190/still/300?ver=2023032821,"5,900원"
96,2328254013,http://item.gmarket.co.kr/Item?goodscode=2328254013&ver=638156349278809785,https://gdimg.gmarket.co.kr/2328254013/still/300?ver=2023032821,"27,970원"
97,2779410941,http://item.gmarket.co.kr/Item?goodscode=2779410941&ver=638156349278809785,https://gdimg.gmarket.co.kr/2779410941/still/300?ver=2023032821,"59,900원"
98,2513879194,http://item.gmarket.co.kr/Item?goodscode=2513879194&ver=638156349278809785,https://gdimg.gmarket.co.kr/2513879194/still/300?ver=2023032821,"34,900원"
99,1789099739,http://item.gmarket.co.kr/Item?goodscode=1789099739&ver=638156349278809785,https://gdimg.gmarket.co.kr/1789099739/still/300?ver=2023032821,"24,900원"
100,2853387064,http://item.gmarket.co.kr/Item?goodscode=2853387064&ver=638156349278809785,https://gdimg.gmarket.co.kr/2853387064/still/300?ver=2023032821,"67,550원"
101,2333967993,http://item.gmarket.co.kr/Item?goodscode=2333967993&ver=638156349278809785,https://gdimg.gmarket.co.kr/2333967993/still/300?ver=2023032821,"120,000원"
102,2865989729,http://item.gmarket.co.kr/Item?goodscode=2865989729&ver=638156349278809785,https://gdimg.gmarket.co.kr/2865989729/still/300?ver=2023032821,"67,760원"
103,1433855491,http://item.gmarket.co.kr/Item?goodscode=1433855491&ver=638156349278809785,https://gdimg.gmarket.co.kr/1433855491/still/300?ver=2023032821,"11,900원"
104,1578966236,http://item.gmarket.co.kr/Item?goodscode=1578966236&ver=638156349278809785,https://gdimg.gmarket.co.kr/1578966236/still/300?ver=2023032821,"16,700원"
105,2843735797,http://item.gmarket.co.kr/Item?goodscode=2843735797&ver=638156349278809785,https://gdimg.gmarket.co.kr/2843735797/still/300?ver=2023032821,"23,900원"
106,2122159837,http://item.gmarket.co.kr/Item?goodscode=2122159837&ver=638156349278809785,https://gdimg.gmarket.co.kr/2122159837/still/300?ver=2023032821,"41,310원"
107,2760898851,http://item.gmarket.co.kr/Item?goodscode=2760898851&ver=638156349278809785,https://gdimg.gmarket.co.kr/2760898851/still/300?ver=2023032821,"21,500원"
108,2802269017,http://item.gmarket.co.kr/Item?goodscode=2802269017&ver=638156349278809785,https://gdimg.gmarket.co.kr/2802269017/still/300?ver=2023032821,"11,100원"
109,2099999838,http://item.gmarket.co.kr/Item?goodscode=2099999838&ver=638156349278809785,https://gdimg.gmarket.co.kr/2099999838/still/300?ver=2023032821,"17,900원"
110,2176758460,http://item.gmarket.co.kr/Item?goodscode=2176758460&ver=638156349278809785,https://gdimg.gmarket.co.kr/2176758460/still/300?ver=2023032821,"36,900원"
111,1635823299,http://item.gmarket.co.kr/Item?goodscode=1635823299&ver=638156349278809785,https://gdimg.gmarket.co.kr/1635823299/still/300?ver=2023032821,"34,390원"
112,1677520166,http://item.gmarket.co.kr/Item?goodscode=1677520166&ver=638156349278809785,https://gdimg.gmarket.co.kr/1677520166/still/300?ver=2023032821,"16,500원"
113,2847699588,http://item.gmarket.co.kr/Item?goodscode=2847699588&ver=638156349278809785,https://gdimg.gmarket.co.kr/2847699588/still/300?ver=2023032821,"17,500원"
114,2822812014,http://item.gmarket.co.kr/Item?goodscode=2822812014&ver=638156349278809785,https://gdimg.gmarket.co.kr/2822812014/still/300?ver=2023032821,"69,900원"
115,2511507258,http://item.gmarket.co.kr/Item?goodscode=2511507258&ver=638156349278809785,https://gdimg.gmarket.co.kr/2511507258/still/300?ver=2023032821,"50,600원"
116,2839941572,http://item.gmarket.co.kr/Item?goodscode=2839941572&ver=638156349278809785,https://gdimg.gmarket.co.kr/2839941572/still/300?ver=2023032821,"29,790원"
117,958030778,http://item.gmarket.co.kr/Item?goodscode=958030778&ver=638156349278809785,https://gdimg.gmarket.co.kr/958030778/still/300?ver=2023032821,"17,900원"
118,2451432200,http://item.gmarket.co.kr/Item?goodscode=2451432200&ver=638156349278809785,https://gdimg.gmarket.co.kr/2451432200/still/300?ver=2023032821,"23,900원"
119,2382672350,http://item.gmarket.co.kr/Item?goodscode=2382672350&ver=638156349278809785,https://gdimg.gmarket.co.kr/2382672350/still/300?ver=2023032821,"34,280원"
120,2847684947,http://item.gmarket.co.kr/Item?goodscode=2847684947&ver=638156349278809785,https://gdimg.gmarket.co.kr/2847684947/still/300?ver=2023032821,"9,900원"
121,2485621778,http://item.gmarket.co.kr/Item?goodscode=2485621778&ver=638156349278809785,https://gdimg.gmarket.co.kr/2485621778/still/300?ver=2023032821,"10,900원"
122,1445154131,http://item.gmarket.co.kr/Item?goodscode=1445154131&ver=638156349278809785,https://gdimg.gmarket.co.kr/1445154131/still/300?ver=2023032821,"76,300원"
123,2808852989,http://item.gmarket.co.kr/Item?goodscode=2808852989&ver=638156349278809785,https://gdimg.gmarket.co.kr/2808852989/still/300?ver=2023032821,"10,900원"
124,2063980538,http://item.gmarket.co.kr/Item?goodscode=2063980538&ver=638156349278809785,https://gdimg.gmarket.co.kr/2063980538/still/300?ver=2023032821,"46,850원"
125,154499049,http://item.gmarket.co.kr/Item?goodscode=154499049&ver=638156349278809785,https://gdimg.gmarket.co.kr/154499049/still/300?ver=2023032821,"17,900원"
126,2510397348,http://item.gmarket.co.kr/Item?goodscode=2510397348&ver=638156349278809785,https://gdimg.gmarket.co.kr/2510397348/still/300?ver=2023032821,"31,950원"
127,2857394349,http://item.gmarket.co.kr/Item?goodscode=2857394349&ver=638156349278809785,https://gdimg.gmarket.co.kr/2857394349/still/300?ver=2023032821,"18,900원"
128,2774238136,http://item.gmarket.co.kr/Item?goodscode=2774238136&ver=638156349278809785,https://gdimg.gmarket.co.kr/2774238136/still/300?ver=2023032821,"6,900원"
129,900637906,http://item.gmarket.co.kr/Item?goodscode=900637906&ver=638156349278809785,https://gdimg.gmarket.co.kr/900637906/still/300?ver=2023032821,"12,900원"
130,937468008,http://item.gmarket.co.kr/Item?goodscode=937468008&ver=638156349278809785,https://gdimg.gmarket.co.kr/937468008/still/300?ver=2023032821,"9,900원"
131,2568237082,http://item.gmarket.co.kr/Item?goodscode=2568237082&ver=638156349278809785,https://gdimg.gmarket.co.kr/2568237082/still/300?ver=2023032821,"9,290원"
132,363495418,http://item.gmarket.co.kr/Item?goodscode=363495418&ver=638156349278809785,https://gdimg.gmarket.co.kr/363495418/still/300?ver=2023032821,"22,900원"
133,2098226446,http://item.gmarket.co.kr/Item?goodscode=2098226446&ver=638156349278809785,https://gdimg.gmarket.co.kr/2098226446/still/300?ver=2023032821,"35,010원"
134,1589098023,http://item.gmarket.co.kr/Item?goodscode=1589098023&ver=638156349278809785,https://gdimg.gmarket.co.kr/1589098023/still/300?ver=2023032821,"41,900원"
135,1623051068,http://item.gmarket.co.kr/Item?goodscode=1623051068&ver=638156349278809785,https://gdimg.gmarket.co.kr/1623051068/still/300?ver=2023032821,"25,900원"
136,2380938484,http://item.gmarket.co.kr/Item?goodscode=2380938484&ver=638156349278809785,https://gdimg.gmarket.co.kr/2380938484/still/300?ver=2023032821,"20,000원"
137,2514308532,http://item.gmarket.co.kr/Item?goodscode=2514308532&ver=638156349278809785,https://gdimg.gmarket.co.kr/2514308532/still/300?ver=2023032821,"29,500원"
138,2451173992,http://item.gmarket.co.kr/Item?goodscode=2451173992&ver=638156349278809785,https://gdimg.gmarket.co.kr/2451173992/still/300?ver=2023032821,"240,000원"
139,2536084303,http://item.gmarket.co.kr/Item?goodscode=2536084303&ver=638156349278809785,https://gdimg.gmarket.co.kr/2536084303/still/300?ver=2023032821,"49,900원"
140,2847751465,http://item.gmarket.co.kr/Item?goodscode=2847751465&ver=638156349278809785,https://gdimg.gmarket.co.kr/2847751465/still/300?ver=2023032821,"22,500원"
141,2861381168,http://item.gmarket.co.kr/Item?goodscode=2861381168&ver=638156349278809785,https://gdimg.gmarket.co.kr/2861381168/still/300?ver=2023032821,"56,050원"
142,1779696398,http://item.gmarket.co.kr/Item?goodscode=1779696398&ver=638156349278809785,https://gdimg.gmarket.co.kr/1779696398/still/300?ver=2023032821,"11,180원"
143,2839627554,http://item.gmarket.co.kr/Item?goodscode=2839627554&ver=638156349278809785,https://gdimg.gmarket.co.kr/2839627554/still/300?ver=2023032821,"53,620원"
144,1771516558,http://item.gmarket.co.kr/Item?goodscode=1771516558&ver=638156349278809785,https://gdimg.gmarket.co.kr/1771516558/still/300?ver=2023032821,"18,900원"
145,462942360,http://item.gmarket.co.kr/Item?goodscode=462942360&ver=638156349278809785,https://gdimg.gmarket.co.kr/462942360/still/300?ver=2023032821,"9,500원"
146,2102040109,http://item.gmarket.co.kr/Item?goodscode=2102040109&ver=638156349278809785,https://gdimg.gmarket.co.kr/2102040109/still/300?ver=2023032821,"32,900원"
147,2778876733,http://item.gmarket.co.kr/Item?goodscode=2778876733&ver=638156349278809785,https://gdimg.gmarket.co.kr/2778876733/still/300?ver=2023032821,"14,900원"
148,2104251373,http://item.gmarket.co.kr/Item?goodscode=2104251373&ver=638156349278809785,https://gdimg.gmarket.co.kr/2104251373/still/300?ver=2023032821,"13,500원"
149,2179332383,http://item.gmarket.co.kr/Item?goodscode=2179332383&ver=638156349278809785,https://gdimg.gmarket.co.kr/2179332383/still/300?ver=2023032821,"13,900원"
150,2245367944,http://item.gmarket.co.kr/Item?goodscode=2245367944&ver=638156349278809785,https://gdimg.gmarket.co.kr/2245367944/still/300?ver=2023032821,"15,400원"
151,2790768299,http://item.gmarket.co.kr/Item?goodscode=2790768299&ver=638156349278809785,https://gdimg.gmarket.co.kr/2790768299/still/300?ver=2023032821,"17,500원"
152,2393193112,http://item.gmarket.co.kr/Item?goodscode=2393193112&ver=638156349278809785,https://gdimg.gmarket.co.kr/2393193112/still/300?ver=2023032821,"21,900원"
153,2817776657,http://item.gmarket.co.kr/Item?goodscode=2817776657&ver=638156349278809785,https://gdimg.gmarket.co.kr/2817776657/still/300?ver=2023032821,"21,900원"
154,1821519273,http://item.gmarket.co.kr/Item?goodscode=1821519273&ver=638156349278809785,https://gdimg.gmarket.co.kr/1821519273/still/300?ver=2023032821,"42,000원"
155,2061950099,http://item.gmarket.co.kr/Item?goodscode=2061950099&ver=638156349278809785,https://gdimg.gmarket.co.kr/2061950099/still/300?ver=2023032821,"8,220원"
156,1871631794,http://item.gmarket.co.kr/Item?goodscode=1871631794&ver=638156349278809785,https://gdimg.gmarket.co.kr/1871631794/still/300?ver=2023032821,"27,900원"
157,2433644669,http://item.gmarket.co.kr/Item?goodscode=2433644669&ver=638156349278809785,https://gdimg.gmarket.co.kr/2433644669/still/300?ver=2023032821,"34,010원"
158,2577615040,http://item.gmarket.co.kr/Item?goodscode=2577615040&ver=638156349278809785,https://gdimg.gmarket.co.kr/2577615040/still/300?ver=2023032821,"18,000원"
159,2840121416,http://item.gmarket.co.kr/Item?goodscode=2840121416&ver=638156349278809785,https://gdimg.gmarket.co.kr/2840121416/still/300?ver=2023032821,"101,460원"
160,2866032878,http://item.gmarket.co.kr/Item?goodscode=2866032878&ver=638156349278809785,https://gdimg.gmarket.co.kr/2866032878/still/300?ver=2023032821,"51,920원"
161,2183617402,http://item.gmarket.co.kr/Item?goodscode=2183617402&ver=638156349278809785,https://gdimg.gmarket.co.kr/2183617402/still/300?ver=2023032821,"22,800원"
162,2797812122,http://item.gmarket.co.kr/Item?goodscode=2797812122&ver=638156349278809785,https://gdimg.gmarket.co.kr/2797812122/still/300?ver=2023032821,"36,900원"
163,2847624470,http://item.gmarket.co.kr/Item?goodscode=2847624470&ver=638156349278809785,https://gdimg.gmarket.co.kr/2847624470/still/300?ver=2023032821,"7,900원"
164,1124083462,http://item.gmarket.co.kr/Item?goodscode=1124083462&ver=638156349278809785,https://gdimg.gmarket.co.kr/1124083462/still/300?ver=2023032821,"13,900원"
165,1692708655,http://item.gmarket.co.kr/Item?goodscode=1692708655&ver=638156349278809785,https://gdimg.gmarket.co.kr/1692708655/still/300?ver=2023032821,"17,900원"
166,2011610133,http://item.gmarket.co.kr/Item?goodscode=2011610133&ver=638156349278809785,https://gdimg.gmarket.co.kr/2011610133/still/300?ver=2023032821,"39,900원"
167,2184819687,http://item.gmarket.co.kr/Item?goodscode=2184819687&ver=638156349278809785,https://gdimg.gmarket.co.kr/2184819687/still/300?ver=2023032821,"17,000원"
168,2624877870,http://item.gmarket.co.kr/Item?goodscode=2624877870&ver=638156349278809785,https://gdimg.gmarket.co.kr/2624877870/still/300?ver=2023032821,"14,900원"
169,1808803032,http://item.gmarket.co.kr/Item?goodscode=1808803032&ver=638156349278809785,https://gdimg.gmarket.co.kr/1808803032/still/300?ver=2023032821,"9,900원"
170,1667637975,http://item.gmarket.co.kr/Item?goodscode=1667637975&ver=638156349278809785,https://gdimg.gmarket.co.kr/1667637975/still/300?ver=2023032821,"20,970원"
171,2370069727,http://item.gmarket.co.kr/Item?goodscode=2370069727&ver=638156349278809785,https://gdimg.gmarket.co.kr/2370069727/still/300?ver=2023032821,"21,120원"
172,2315170237,http://item.gmarket.co.kr/Item?goodscode=2315170237&ver=638156349278809785,https://gdimg.gmarket.co.kr/2315170237/still/300?ver=2023032821,"19,200원"
173,1604479096,http://item.gmarket.co.kr/Item?goodscode=1604479096&ver=638156349278809785,https://gdimg.gmarket.co.kr/1604479096/still/300?ver=2023032821,"10,900원"
174,2763730762,http://item.gmarket.co.kr/Item?goodscode=2763730762&ver=638156349278809785,https://gdimg.gmarket.co.kr/2763730762/still/300?ver=2023032821,"7,900원"
175,2619728611,http://item.gmarket.co.kr/Item?goodscode=2619728611&ver=638156349278809785,https://gdimg.gmarket.co.kr/2619728611/still/300?ver=2023032821,"15,400원"
176,1942817063,http://item.gmarket.co.kr/Item?goodscode=1942817063&ver=638156349278809785,https://gdimg.gmarket.co.kr/1942817063/still/300?ver=2023032821,"30,470원"
177,2859925280,http://item.gmarket.co.kr/Item?goodscode=2859925280&ver=638156349278809785,https://gdimg.gmarket.co.kr/2859925280/still/300?ver=2023032821,"21,000원"
178,1941744416,http://item.gmarket.co.kr/Item?goodscode=1941744416&ver=638156349278809785,https://gdimg.gmarket.co.kr/1941744416/still/300?ver=2023032821,"28,820원"
179,174719105,http://item.gmarket.co.kr/Item?goodscode=174719105&ver=638156349278809785,https://gdimg.gmarket.co.kr/174719105/still/300?ver=2023032821,"48,900원"
180,2489152742,http://item.gmarket.co.kr/Item?goodscode=2489152742&ver=638156349278809785,https://gdimg.gmarket.co.kr/2489152742/still/300?ver=2023032821,"45,000원"
181,1896210962,http://item.gmarket.co.kr/Item?goodscode=1896210962&ver=638156349278809785,https://gdimg.gmarket.co.kr/1896210962/still/300?ver=2023032821,"30,900원"
182,2237443266,http://item.gmarket.co.kr/Item?goodscode=2237443266&ver=638156349278809785,https://gdimg.gmarket.co.kr/2237443266/still/300?ver=2023032821,"36,400원"
183,2586813122,http://item.gmarket.co.kr/Item?goodscode=2586813122&ver=638156349278809785,https://gdimg.gmarket.co.kr/2586813122/still/300?ver=2023032821,"665,000원"
184,2602109628,http://item.gmarket.co.kr/Item?goodscode=2602109628&ver=638156349278809785,https://gdimg.gmarket.co.kr/2602109628/still/300?ver=2023032821,"209,000원"
185,2809510617,http://item.gmarket.co.kr/Item?goodscode=2809510617&ver=638156349278809785,https://gdimg.gmarket.co.kr/2809510617/still/300?ver=2023032821,"22,900원"
186,2258516897,http://item.gmarket.co.kr/Item?goodscode=2258516897&ver=638156349278809785,https://gdimg.gmarket.co.kr/2258516897/still/300?ver=2023032821,"59,200원"
187,2316116611,http://item.gmarket.co.kr/Item?goodscode=2316116611&ver=638156349278809785,https://gdimg.gmarket.co.kr/2316116611/still/300?ver=2023032821,"14,900원"
188,2732035226,http://item.gmarket.co.kr/Item?goodscode=2732035226&ver=638156349278809785,https://gdimg.gmarket.co.kr/2732035226/still/300?ver=2023032821,"22,800원"
189,2767152704,http://item.gmarket.co.kr/Item?goodscode=2767152704&ver=638156349278809785,https://gdimg.gmarket.co.kr/2767152704/still/300?ver=2023032821,"21,800원"
190,1567169398,http://item.gmarket.co.kr/Item?goodscode=1567169398&ver=638156349278809785,https://gdimg.gmarket.co.kr/1567169398/still/300?ver=2023032821,"23,900원"
191,1788322212,http://item.gmarket.co.kr/Item?goodscode=1788322212&ver=638156349278809785,https://gdimg.gmarket.co.kr/1788322212/still/300?ver=2023032821,"15,900원"
192,2859382034,http://item.gmarket.co.kr/Item?goodscode=2859382034&ver=638156349278809785,https://gdimg.gmarket.co.kr/2859382034/still/300?ver=2023032821,"53,760원"
193,2082536162,http://item.gmarket.co.kr/Item?goodscode=2082536162&ver=638156349278809785,https://gdimg.gmarket.co.kr/2082536162/still/300?ver=2023032821,"12,000원"
194,2066395517,http://item.gmarket.co.kr/Item?goodscode=2066395517&ver=638156349278809785,https://gdimg.gmarket.co.kr/2066395517/still/300?ver=2023032821,"19,500원"
195,400871660,http://item.gmarket.co.kr/Item?goodscode=400871660&ver=638156349278809785,https://gdimg.gmarket.co.kr/400871660/still/300?ver=2023032821,"15,000원"
196,173366583,http://item.gmarket.co.kr/Item?goodscode=173366583&ver=638156349278809785,https://gdimg.gmarket.co.kr/173366583/still/300?ver=2023032821,"29,000원"
197,2123055394,http://item.gmarket.co.kr/Item?goodscode=2123055394&ver=638156349278809785,https://gdimg.gmarket.co.kr/2123055394/still/300?ver=2023032821,"30,900원"
198,203771527,http://item.gmarket.co.kr/Item?goodscode=203771527&ver=638156349278809785,https://gdimg.gmarket.co.kr/203771527/still/300?ver=2023032821,"45,900원"
199,2249842803,http://item.gmarket.co.kr/Item?goodscode=2249842803&ver=638156349278809785,https://gdimg.gmarket.co.kr/2249842803/still/300?ver=2023032821,"52,900원"
